<?xml version="1.0" encoding="UTF-8" standalone="yes"?>
<template encoding-version="1.2">
    <description></description>
    <groupId>4550ad8b-016d-1000-e072-7c140eafe38c</groupId>
    <name>Firebird - S3</name>
    <snippet>
        <controllerServices>
            <id>e830c7c6-b936-344e-0000-000000000000</id>
            <parentGroupId>f677562b-490a-3517-0000-000000000000</parentGroupId>
            <bundle>
                <artifact>nifi-dbcp-service-nar</artifact>
                <group>org.apache.nifi</group>
                <version>1.9.2</version>
            </bundle>
            <comments></comments>
            <descriptors>
                <entry>
                    <key>Database Connection URL</key>
                    <value>
                        <name>Database Connection URL</name>
                    </value>
                </entry>
                <entry>
                    <key>Database Driver Class Name</key>
                    <value>
                        <name>Database Driver Class Name</name>
                    </value>
                </entry>
                <entry>
                    <key>database-driver-locations</key>
                    <value>
                        <name>database-driver-locations</name>
                    </value>
                </entry>
                <entry>
                    <key>kerberos-credentials-service</key>
                    <value>
                        <identifiesControllerService>org.apache.nifi.kerberos.KerberosCredentialsService</identifiesControllerService>
                        <name>kerberos-credentials-service</name>
                    </value>
                </entry>
                <entry>
                    <key>Database User</key>
                    <value>
                        <name>Database User</name>
                    </value>
                </entry>
                <entry>
                    <key>Password</key>
                    <value>
                        <name>Password</name>
                    </value>
                </entry>
                <entry>
                    <key>Max Wait Time</key>
                    <value>
                        <name>Max Wait Time</name>
                    </value>
                </entry>
                <entry>
                    <key>Max Total Connections</key>
                    <value>
                        <name>Max Total Connections</name>
                    </value>
                </entry>
                <entry>
                    <key>Validation-query</key>
                    <value>
                        <name>Validation-query</name>
                    </value>
                </entry>
                <entry>
                    <key>dbcp-min-idle-conns</key>
                    <value>
                        <name>dbcp-min-idle-conns</name>
                    </value>
                </entry>
                <entry>
                    <key>dbcp-max-idle-conns</key>
                    <value>
                        <name>dbcp-max-idle-conns</name>
                    </value>
                </entry>
                <entry>
                    <key>dbcp-max-conn-lifetime</key>
                    <value>
                        <name>dbcp-max-conn-lifetime</name>
                    </value>
                </entry>
                <entry>
                    <key>dbcp-time-between-eviction-runs</key>
                    <value>
                        <name>dbcp-time-between-eviction-runs</name>
                    </value>
                </entry>
                <entry>
                    <key>dbcp-min-evictable-idle-time</key>
                    <value>
                        <name>dbcp-min-evictable-idle-time</name>
                    </value>
                </entry>
                <entry>
                    <key>dbcp-soft-min-evictable-idle-time</key>
                    <value>
                        <name>dbcp-soft-min-evictable-idle-time</name>
                    </value>
                </entry>
            </descriptors>
            <name>DBCPConnectionPool - Firebird</name>
            <persistsState>false</persistsState>
            <properties>
                <entry>
                    <key>Database Connection URL</key>
                    <value>jdbc:firebirdsql://127.0.0.1:3050/scci</value>
                </entry>
                <entry>
                    <key>Database Driver Class Name</key>
                    <value>org.firebirdsql.jdbc.FBDriver</value>
                </entry>
                <entry>
                    <key>database-driver-locations</key>
                    <value>/opt/nifi/libs/jaybird-full-2.2.15.jar</value>
                </entry>
                <entry>
                    <key>kerberos-credentials-service</key>
                </entry>
                <entry>
                    <key>Database User</key>
                    <value>sysdba</value>
                </entry>
                <entry>
                    <key>Password</key>
                </entry>
                <entry>
                    <key>Max Wait Time</key>
                    <value>500 millis</value>
                </entry>
                <entry>
                    <key>Max Total Connections</key>
                    <value>8</value>
                </entry>
                <entry>
                    <key>Validation-query</key>
                </entry>
                <entry>
                    <key>dbcp-min-idle-conns</key>
                    <value>0</value>
                </entry>
                <entry>
                    <key>dbcp-max-idle-conns</key>
                    <value>8</value>
                </entry>
                <entry>
                    <key>dbcp-max-conn-lifetime</key>
                    <value>-1</value>
                </entry>
                <entry>
                    <key>dbcp-time-between-eviction-runs</key>
                    <value>-1</value>
                </entry>
                <entry>
                    <key>dbcp-min-evictable-idle-time</key>
                    <value>30 mins</value>
                </entry>
                <entry>
                    <key>dbcp-soft-min-evictable-idle-time</key>
                    <value>-1</value>
                </entry>
            </properties>
            <state>ENABLED</state>
            <type>org.apache.nifi.dbcp.DBCPConnectionPool</type>
        </controllerServices>
        <processGroups>
            <id>206201a9-cc16-3e1d-0000-000000000000</id>
            <parentGroupId>f677562b-490a-3517-0000-000000000000</parentGroupId>
            <position>
                <x>0.0</x>
                <y>0.0</y>
            </position>
            <comments></comments>
            <contents>
                <connections>
                    <id>7b9be980-79a3-357b-0000-000000000000</id>
                    <parentGroupId>206201a9-cc16-3e1d-0000-000000000000</parentGroupId>
                    <backPressureDataSizeThreshold>1 GB</backPressureDataSizeThreshold>
                    <backPressureObjectThreshold>100000</backPressureObjectThreshold>
                    <destination>
                        <groupId>206201a9-cc16-3e1d-0000-000000000000</groupId>
                        <id>d013fd5b-0a6e-3637-0000-000000000000</id>
                        <type>PROCESSOR</type>
                    </destination>
                    <flowFileExpiration>0 sec</flowFileExpiration>
                    <labelIndex>1</labelIndex>
                    <loadBalanceCompression>DO_NOT_COMPRESS</loadBalanceCompression>
                    <loadBalancePartitionAttribute></loadBalancePartitionAttribute>
                    <loadBalanceStatus>LOAD_BALANCE_NOT_CONFIGURED</loadBalanceStatus>
                    <loadBalanceStrategy>DO_NOT_LOAD_BALANCE</loadBalanceStrategy>
                    <name></name>
                    <selectedRelationships>success</selectedRelationships>
                    <source>
                        <groupId>206201a9-cc16-3e1d-0000-000000000000</groupId>
                        <id>9b782c29-86fe-3d61-0000-000000000000</id>
                        <type>PROCESSOR</type>
                    </source>
                    <zIndex>0</zIndex>
                </connections>
                <connections>
                    <id>d70b8b9e-ef33-30e9-0000-000000000000</id>
                    <parentGroupId>206201a9-cc16-3e1d-0000-000000000000</parentGroupId>
                    <backPressureDataSizeThreshold>1 GB</backPressureDataSizeThreshold>
                    <backPressureObjectThreshold>10000</backPressureObjectThreshold>
                    <bends>
                        <x>1591.3946452677185</x>
                        <y>239.16730608375508</y>
                    </bends>
                    <bends>
                        <x>1591.3946452677185</x>
                        <y>289.1673060837551</y>
                    </bends>
                    <destination>
                        <groupId>206201a9-cc16-3e1d-0000-000000000000</groupId>
                        <id>4a25d499-289e-34c7-0000-000000000000</id>
                        <type>PROCESSOR</type>
                    </destination>
                    <flowFileExpiration>0 sec</flowFileExpiration>
                    <labelIndex>1</labelIndex>
                    <loadBalanceCompression>DO_NOT_COMPRESS</loadBalanceCompression>
                    <loadBalancePartitionAttribute></loadBalancePartitionAttribute>
                    <loadBalanceStatus>LOAD_BALANCE_NOT_CONFIGURED</loadBalanceStatus>
                    <loadBalanceStrategy>DO_NOT_LOAD_BALANCE</loadBalanceStrategy>
                    <name></name>
                    <selectedRelationships>failure</selectedRelationships>
                    <source>
                        <groupId>206201a9-cc16-3e1d-0000-000000000000</groupId>
                        <id>4a25d499-289e-34c7-0000-000000000000</id>
                        <type>PROCESSOR</type>
                    </source>
                    <zIndex>0</zIndex>
                </connections>
                <connections>
                    <id>ef23e1f4-c8ea-3500-0000-000000000000</id>
                    <parentGroupId>206201a9-cc16-3e1d-0000-000000000000</parentGroupId>
                    <backPressureDataSizeThreshold>1 GB</backPressureDataSizeThreshold>
                    <backPressureObjectThreshold>10000</backPressureObjectThreshold>
                    <destination>
                        <groupId>206201a9-cc16-3e1d-0000-000000000000</groupId>
                        <id>4a25d499-289e-34c7-0000-000000000000</id>
                        <type>PROCESSOR</type>
                    </destination>
                    <flowFileExpiration>0 sec</flowFileExpiration>
                    <labelIndex>1</labelIndex>
                    <loadBalanceCompression>DO_NOT_COMPRESS</loadBalanceCompression>
                    <loadBalancePartitionAttribute></loadBalancePartitionAttribute>
                    <loadBalanceStatus>LOAD_BALANCE_NOT_CONFIGURED</loadBalanceStatus>
                    <loadBalanceStrategy>DO_NOT_LOAD_BALANCE</loadBalanceStrategy>
                    <name></name>
                    <selectedRelationships>success</selectedRelationships>
                    <source>
                        <groupId>206201a9-cc16-3e1d-0000-000000000000</groupId>
                        <id>e02a222b-0f33-395b-0000-000000000000</id>
                        <type>PROCESSOR</type>
                    </source>
                    <zIndex>0</zIndex>
                </connections>
                <connections>
                    <id>f5f67cb3-c4f7-3e50-0000-000000000000</id>
                    <parentGroupId>206201a9-cc16-3e1d-0000-000000000000</parentGroupId>
                    <backPressureDataSizeThreshold>1 GB</backPressureDataSizeThreshold>
                    <backPressureObjectThreshold>100000</backPressureObjectThreshold>
                    <destination>
                        <groupId>206201a9-cc16-3e1d-0000-000000000000</groupId>
                        <id>e02a222b-0f33-395b-0000-000000000000</id>
                        <type>PROCESSOR</type>
                    </destination>
                    <flowFileExpiration>0 sec</flowFileExpiration>
                    <labelIndex>1</labelIndex>
                    <loadBalanceCompression>DO_NOT_COMPRESS</loadBalanceCompression>
                    <loadBalancePartitionAttribute></loadBalancePartitionAttribute>
                    <loadBalanceStatus>LOAD_BALANCE_NOT_CONFIGURED</loadBalanceStatus>
                    <loadBalanceStrategy>DO_NOT_LOAD_BALANCE</loadBalanceStrategy>
                    <name></name>
                    <selectedRelationships>success</selectedRelationships>
                    <source>
                        <groupId>206201a9-cc16-3e1d-0000-000000000000</groupId>
                        <id>d013fd5b-0a6e-3637-0000-000000000000</id>
                        <type>PROCESSOR</type>
                    </source>
                    <zIndex>0</zIndex>
                </connections>
                <labels>
                    <id>22d7f90b-26f0-39fd-0000-000000000000</id>
                    <parentGroupId>206201a9-cc16-3e1d-0000-000000000000</parentGroupId>
                    <position>
                        <x>153.4426904581008</x>
                        <y>-145.43256464439332</y>
                    </position>
                    <height>56.0</height>
                    <label>Firebird -&gt; S3
Fluxo de conexão ao banco do Firebird para extrair os dados da tabela, convertendo-os em formato JSON e armazenado-os no S3 (AWS)</label>
                    <style>
                        <entry>
                            <key>background-color</key>
                            <value>#205de0</value>
                        </entry>
                        <entry>
                            <key>font-size</key>
                            <value>14px</value>
                        </entry>
                    </style>
                    <width>1608.0</width>
                </labels>
                <processors>
                    <id>4a25d499-289e-34c7-0000-000000000000</id>
                    <parentGroupId>206201a9-cc16-3e1d-0000-000000000000</parentGroupId>
                    <position>
                        <x>1128.3946452677185</x>
                        <y>199.16730608375508</y>
                    </position>
                    <bundle>
                        <artifact>nifi-aws-nar</artifact>
                        <group>org.apache.nifi</group>
                        <version>1.9.2</version>
                    </bundle>
                    <config>
                        <bulletinLevel>WARN</bulletinLevel>
                        <comments></comments>
                        <concurrentlySchedulableTaskCount>1</concurrentlySchedulableTaskCount>
                        <descriptors>
                            <entry>
<key>Object Key</key>
<value>
    <name>Object Key</name>
</value>
                            </entry>
                            <entry>
<key>Bucket</key>
<value>
    <name>Bucket</name>
</value>
                            </entry>
                            <entry>
<key>Content Type</key>
<value>
    <name>Content Type</name>
</value>
                            </entry>
                            <entry>
<key>Access Key</key>
<value>
    <name>Access Key</name>
</value>
                            </entry>
                            <entry>
<key>Secret Key</key>
<value>
    <name>Secret Key</name>
</value>
                            </entry>
                            <entry>
<key>Credentials File</key>
<value>
    <name>Credentials File</name>
</value>
                            </entry>
                            <entry>
<key>AWS Credentials Provider service</key>
<value>
    <identifiesControllerService>org.apache.nifi.processors.aws.credentials.provider.service.AWSCredentialsProviderService</identifiesControllerService>
    <name>AWS Credentials Provider service</name>
</value>
                            </entry>
                            <entry>
<key>s3-object-tags-prefix</key>
<value>
    <name>s3-object-tags-prefix</name>
</value>
                            </entry>
                            <entry>
<key>s3-object-remove-tags-prefix</key>
<value>
    <name>s3-object-remove-tags-prefix</name>
</value>
                            </entry>
                            <entry>
<key>Storage Class</key>
<value>
    <name>Storage Class</name>
</value>
                            </entry>
                            <entry>
<key>Region</key>
<value>
    <name>Region</name>
</value>
                            </entry>
                            <entry>
<key>Communications Timeout</key>
<value>
    <name>Communications Timeout</name>
</value>
                            </entry>
                            <entry>
<key>Expiration Time Rule</key>
<value>
    <name>Expiration Time Rule</name>
</value>
                            </entry>
                            <entry>
<key>FullControl User List</key>
<value>
    <name>FullControl User List</name>
</value>
                            </entry>
                            <entry>
<key>Read Permission User List</key>
<value>
    <name>Read Permission User List</name>
</value>
                            </entry>
                            <entry>
<key>Write Permission User List</key>
<value>
    <name>Write Permission User List</name>
</value>
                            </entry>
                            <entry>
<key>Read ACL User List</key>
<value>
    <name>Read ACL User List</name>
</value>
                            </entry>
                            <entry>
<key>Write ACL User List</key>
<value>
    <name>Write ACL User List</name>
</value>
                            </entry>
                            <entry>
<key>Owner</key>
<value>
    <name>Owner</name>
</value>
                            </entry>
                            <entry>
<key>canned-acl</key>
<value>
    <name>canned-acl</name>
</value>
                            </entry>
                            <entry>
<key>SSL Context Service</key>
<value>
    <identifiesControllerService>org.apache.nifi.ssl.SSLContextService</identifiesControllerService>
    <name>SSL Context Service</name>
</value>
                            </entry>
                            <entry>
<key>Endpoint Override URL</key>
<value>
    <name>Endpoint Override URL</name>
</value>
                            </entry>
                            <entry>
<key>Signer Override</key>
<value>
    <name>Signer Override</name>
</value>
                            </entry>
                            <entry>
<key>Multipart Threshold</key>
<value>
    <name>Multipart Threshold</name>
</value>
                            </entry>
                            <entry>
<key>Multipart Part Size</key>
<value>
    <name>Multipart Part Size</name>
</value>
                            </entry>
                            <entry>
<key>Multipart Upload AgeOff Interval</key>
<value>
    <name>Multipart Upload AgeOff Interval</name>
</value>
                            </entry>
                            <entry>
<key>Multipart Upload Max Age Threshold</key>
<value>
    <name>Multipart Upload Max Age Threshold</name>
</value>
                            </entry>
                            <entry>
<key>server-side-encryption</key>
<value>
    <name>server-side-encryption</name>
</value>
                            </entry>
                            <entry>
<key>proxy-configuration-service</key>
<value>
    <identifiesControllerService>org.apache.nifi.proxy.ProxyConfigurationService</identifiesControllerService>
    <name>proxy-configuration-service</name>
</value>
                            </entry>
                            <entry>
<key>Proxy Host</key>
<value>
    <name>Proxy Host</name>
</value>
                            </entry>
                            <entry>
<key>Proxy Host Port</key>
<value>
    <name>Proxy Host Port</name>
</value>
                            </entry>
                            <entry>
<key>proxy-user-name</key>
<value>
    <name>proxy-user-name</name>
</value>
                            </entry>
                            <entry>
<key>proxy-user-password</key>
<value>
    <name>proxy-user-password</name>
</value>
                            </entry>
                        </descriptors>
                        <executionNode>ALL</executionNode>
                        <lossTolerant>false</lossTolerant>
                        <penaltyDuration>30 sec</penaltyDuration>
                        <properties>
                            <entry>
<key>Object Key</key>
<value>${filename}</value>
                            </entry>
                            <entry>
<key>Bucket</key>
<value>prognum-nifi</value>
                            </entry>
                            <entry>
<key>Content Type</key>
                            </entry>
                            <entry>
<key>Access Key</key>
                            </entry>
                            <entry>
<key>Secret Key</key>
                            </entry>
                            <entry>
<key>Credentials File</key>
                            </entry>
                            <entry>
<key>AWS Credentials Provider service</key>
                            </entry>
                            <entry>
<key>s3-object-tags-prefix</key>
                            </entry>
                            <entry>
<key>s3-object-remove-tags-prefix</key>
<value>false</value>
                            </entry>
                            <entry>
<key>Storage Class</key>
<value>Standard</value>
                            </entry>
                            <entry>
<key>Region</key>
<value>us-west-2</value>
                            </entry>
                            <entry>
<key>Communications Timeout</key>
<value>30 secs</value>
                            </entry>
                            <entry>
<key>Expiration Time Rule</key>
                            </entry>
                            <entry>
<key>FullControl User List</key>
<value>${s3.permissions.full.users}</value>
                            </entry>
                            <entry>
<key>Read Permission User List</key>
<value>${s3.permissions.read.users}</value>
                            </entry>
                            <entry>
<key>Write Permission User List</key>
<value>${s3.permissions.write.users}</value>
                            </entry>
                            <entry>
<key>Read ACL User List</key>
<value>${s3.permissions.readacl.users}</value>
                            </entry>
                            <entry>
<key>Write ACL User List</key>
<value>${s3.permissions.writeacl.users}</value>
                            </entry>
                            <entry>
<key>Owner</key>
<value>${s3.owner}</value>
                            </entry>
                            <entry>
<key>canned-acl</key>
<value>${s3.permissions.cannedacl}</value>
                            </entry>
                            <entry>
<key>SSL Context Service</key>
                            </entry>
                            <entry>
<key>Endpoint Override URL</key>
                            </entry>
                            <entry>
<key>Signer Override</key>
<value>Default Signature</value>
                            </entry>
                            <entry>
<key>Multipart Threshold</key>
<value>5 GB</value>
                            </entry>
                            <entry>
<key>Multipart Part Size</key>
<value>5 GB</value>
                            </entry>
                            <entry>
<key>Multipart Upload AgeOff Interval</key>
<value>60 min</value>
                            </entry>
                            <entry>
<key>Multipart Upload Max Age Threshold</key>
<value>7 days</value>
                            </entry>
                            <entry>
<key>server-side-encryption</key>
<value>None</value>
                            </entry>
                            <entry>
<key>proxy-configuration-service</key>
                            </entry>
                            <entry>
<key>Proxy Host</key>
                            </entry>
                            <entry>
<key>Proxy Host Port</key>
                            </entry>
                            <entry>
<key>proxy-user-name</key>
                            </entry>
                            <entry>
<key>proxy-user-password</key>
                            </entry>
                        </properties>
                        <runDurationMillis>0</runDurationMillis>
                        <schedulingPeriod>0 sec</schedulingPeriod>
                        <schedulingStrategy>TIMER_DRIVEN</schedulingStrategy>
                        <yieldDuration>1 sec</yieldDuration>
                    </config>
                    <executionNodeRestricted>false</executionNodeRestricted>
                    <name>PutS3Object</name>
                    <relationships>
                        <autoTerminate>false</autoTerminate>
                        <name>failure</name>
                    </relationships>
                    <relationships>
                        <autoTerminate>true</autoTerminate>
                        <name>success</name>
                    </relationships>
                    <state>STOPPED</state>
                    <style>
                        <entry>
                            <key>background-color</key>
                            <value>#205de0</value>
                        </entry>
                    </style>
                    <type>org.apache.nifi.processors.aws.s3.PutS3Object</type>
                </processors>
                <processors>
                    <id>9b782c29-86fe-3d61-0000-000000000000</id>
                    <parentGroupId>206201a9-cc16-3e1d-0000-000000000000</parentGroupId>
                    <position>
                        <x>154.67288208007812</x>
                        <y>-35.014854431152344</y>
                    </position>
                    <bundle>
                        <artifact>nifi-standard-nar</artifact>
                        <group>org.apache.nifi</group>
                        <version>1.9.2</version>
                    </bundle>
                    <config>
                        <bulletinLevel>WARN</bulletinLevel>
                        <comments></comments>
                        <concurrentlySchedulableTaskCount>1</concurrentlySchedulableTaskCount>
                        <descriptors>
                            <entry>
<key>Database Connection Pooling Service</key>
<value>
    <identifiesControllerService>org.apache.nifi.dbcp.DBCPService</identifiesControllerService>
    <name>Database Connection Pooling Service</name>
</value>
                            </entry>
                            <entry>
<key>db-fetch-db-type</key>
<value>
    <name>db-fetch-db-type</name>
</value>
                            </entry>
                            <entry>
<key>Table Name</key>
<value>
    <name>Table Name</name>
</value>
                            </entry>
                            <entry>
<key>Columns to Return</key>
<value>
    <name>Columns to Return</name>
</value>
                            </entry>
                            <entry>
<key>db-fetch-where-clause</key>
<value>
    <name>db-fetch-where-clause</name>
</value>
                            </entry>
                            <entry>
<key>db-fetch-sql-query</key>
<value>
    <name>db-fetch-sql-query</name>
</value>
                            </entry>
                            <entry>
<key>Maximum-value Columns</key>
<value>
    <name>Maximum-value Columns</name>
</value>
                            </entry>
                            <entry>
<key>Max Wait Time</key>
<value>
    <name>Max Wait Time</name>
</value>
                            </entry>
                            <entry>
<key>Fetch Size</key>
<value>
    <name>Fetch Size</name>
</value>
                            </entry>
                            <entry>
<key>qdbt-max-rows</key>
<value>
    <name>qdbt-max-rows</name>
</value>
                            </entry>
                            <entry>
<key>qdbt-output-batch-size</key>
<value>
    <name>qdbt-output-batch-size</name>
</value>
                            </entry>
                            <entry>
<key>qdbt-max-frags</key>
<value>
    <name>qdbt-max-frags</name>
</value>
                            </entry>
                            <entry>
<key>dbf-normalize</key>
<value>
    <name>dbf-normalize</name>
</value>
                            </entry>
                            <entry>
<key>transaction-isolation-level</key>
<value>
    <name>transaction-isolation-level</name>
</value>
                            </entry>
                            <entry>
<key>dbf-user-logical-types</key>
<value>
    <name>dbf-user-logical-types</name>
</value>
                            </entry>
                            <entry>
<key>dbf-default-precision</key>
<value>
    <name>dbf-default-precision</name>
</value>
                            </entry>
                            <entry>
<key>dbf-default-scale</key>
<value>
    <name>dbf-default-scale</name>
</value>
                            </entry>
                        </descriptors>
                        <executionNode>PRIMARY</executionNode>
                        <lossTolerant>false</lossTolerant>
                        <penaltyDuration>30 sec</penaltyDuration>
                        <properties>
                            <entry>
<key>Database Connection Pooling Service</key>
<value>e830c7c6-b936-344e-0000-000000000000</value>
                            </entry>
                            <entry>
<key>db-fetch-db-type</key>
<value>Generic</value>
                            </entry>
                            <entry>
<key>Table Name</key>
<value>serasa</value>
                            </entry>
                            <entry>
<key>Columns to Return</key>
                            </entry>
                            <entry>
<key>db-fetch-where-clause</key>
                            </entry>
                            <entry>
<key>db-fetch-sql-query</key>
                            </entry>
                            <entry>
<key>Maximum-value Columns</key>
<value>co_contrato</value>
                            </entry>
                            <entry>
<key>Max Wait Time</key>
<value>0 seconds</value>
                            </entry>
                            <entry>
<key>Fetch Size</key>
<value>0</value>
                            </entry>
                            <entry>
<key>qdbt-max-rows</key>
<value>1</value>
                            </entry>
                            <entry>
<key>qdbt-output-batch-size</key>
<value>0</value>
                            </entry>
                            <entry>
<key>qdbt-max-frags</key>
<value>0</value>
                            </entry>
                            <entry>
<key>dbf-normalize</key>
<value>false</value>
                            </entry>
                            <entry>
<key>transaction-isolation-level</key>
                            </entry>
                            <entry>
<key>dbf-user-logical-types</key>
<value>false</value>
                            </entry>
                            <entry>
<key>dbf-default-precision</key>
<value>10</value>
                            </entry>
                            <entry>
<key>dbf-default-scale</key>
<value>0</value>
                            </entry>
                        </properties>
                        <runDurationMillis>0</runDurationMillis>
                        <schedulingPeriod>0 sec</schedulingPeriod>
                        <schedulingStrategy>TIMER_DRIVEN</schedulingStrategy>
                        <yieldDuration>1 sec</yieldDuration>
                    </config>
                    <executionNodeRestricted>true</executionNodeRestricted>
                    <name>QueryDatabaseTable</name>
                    <relationships>
                        <autoTerminate>false</autoTerminate>
                        <name>success</name>
                    </relationships>
                    <state>STOPPED</state>
                    <style>
                        <entry>
                            <key>background-color</key>
                            <value>#205de0</value>
                        </entry>
                    </style>
                    <type>org.apache.nifi.processors.standard.QueryDatabaseTable</type>
                </processors>
                <processors>
                    <id>d013fd5b-0a6e-3637-0000-000000000000</id>
                    <parentGroupId>206201a9-cc16-3e1d-0000-000000000000</parentGroupId>
                    <position>
                        <x>578.6088967063357</x>
                        <y>237.8819621217932</y>
                    </position>
                    <bundle>
                        <artifact>nifi-avro-nar</artifact>
                        <group>org.apache.nifi</group>
                        <version>1.9.2</version>
                    </bundle>
                    <config>
                        <bulletinLevel>WARN</bulletinLevel>
                        <comments></comments>
                        <concurrentlySchedulableTaskCount>1</concurrentlySchedulableTaskCount>
                        <descriptors>
                            <entry>
<key>JSON container options</key>
<value>
    <name>JSON container options</name>
</value>
                            </entry>
                            <entry>
<key>Wrap Single Record</key>
<value>
    <name>Wrap Single Record</name>
</value>
                            </entry>
                            <entry>
<key>Avro schema</key>
<value>
    <name>Avro schema</name>
</value>
                            </entry>
                        </descriptors>
                        <executionNode>ALL</executionNode>
                        <lossTolerant>false</lossTolerant>
                        <penaltyDuration>30 sec</penaltyDuration>
                        <properties>
                            <entry>
<key>JSON container options</key>
<value>array</value>
                            </entry>
                            <entry>
<key>Wrap Single Record</key>
<value>false</value>
                            </entry>
                            <entry>
<key>Avro schema</key>
                            </entry>
                        </properties>
                        <runDurationMillis>0</runDurationMillis>
                        <schedulingPeriod>0 sec</schedulingPeriod>
                        <schedulingStrategy>TIMER_DRIVEN</schedulingStrategy>
                        <yieldDuration>1 sec</yieldDuration>
                    </config>
                    <executionNodeRestricted>false</executionNodeRestricted>
                    <name>ConvertAvroToJSON</name>
                    <relationships>
                        <autoTerminate>true</autoTerminate>
                        <name>failure</name>
                    </relationships>
                    <relationships>
                        <autoTerminate>false</autoTerminate>
                        <name>success</name>
                    </relationships>
                    <state>STOPPED</state>
                    <style>
                        <entry>
                            <key>background-color</key>
                            <value>#205de0</value>
                        </entry>
                    </style>
                    <type>org.apache.nifi.processors.avro.ConvertAvroToJSON</type>
                </processors>
                <processors>
                    <id>e02a222b-0f33-395b-0000-000000000000</id>
                    <parentGroupId>206201a9-cc16-3e1d-0000-000000000000</parentGroupId>
                    <position>
                        <x>890.8833752597398</x>
                        <y>-42.30266874635336</y>
                    </position>
                    <bundle>
                        <artifact>nifi-update-attribute-nar</artifact>
                        <group>org.apache.nifi</group>
                        <version>1.9.2</version>
                    </bundle>
                    <config>
                        <bulletinLevel>WARN</bulletinLevel>
                        <comments></comments>
                        <concurrentlySchedulableTaskCount>1</concurrentlySchedulableTaskCount>
                        <descriptors>
                            <entry>
<key>Delete Attributes Expression</key>
<value>
    <name>Delete Attributes Expression</name>
</value>
                            </entry>
                            <entry>
<key>Store State</key>
<value>
    <name>Store State</name>
</value>
                            </entry>
                            <entry>
<key>Stateful Variables Initial Value</key>
<value>
    <name>Stateful Variables Initial Value</name>
</value>
                            </entry>
                            <entry>
<key>canonical-value-lookup-cache-size</key>
<value>
    <name>canonical-value-lookup-cache-size</name>
</value>
                            </entry>
                            <entry>
<key>filename</key>
<value>
    <name>filename</name>
</value>
                            </entry>
                        </descriptors>
                        <executionNode>ALL</executionNode>
                        <lossTolerant>false</lossTolerant>
                        <penaltyDuration>30 sec</penaltyDuration>
                        <properties>
                            <entry>
<key>Delete Attributes Expression</key>
                            </entry>
                            <entry>
<key>Store State</key>
<value>Do not store state</value>
                            </entry>
                            <entry>
<key>Stateful Variables Initial Value</key>
                            </entry>
                            <entry>
<key>canonical-value-lookup-cache-size</key>
<value>100</value>
                            </entry>
                            <entry>
<key>filename</key>
<value>${fragment.index:prepend("CEP_AGP_"):append(".json")}</value>
                            </entry>
                        </properties>
                        <runDurationMillis>0</runDurationMillis>
                        <schedulingPeriod>0 sec</schedulingPeriod>
                        <schedulingStrategy>TIMER_DRIVEN</schedulingStrategy>
                        <yieldDuration>1 sec</yieldDuration>
                    </config>
                    <executionNodeRestricted>false</executionNodeRestricted>
                    <name>UpdateAttribute</name>
                    <relationships>
                        <autoTerminate>false</autoTerminate>
                        <name>success</name>
                    </relationships>
                    <state>STOPPED</state>
                    <style>
                        <entry>
                            <key>background-color</key>
                            <value>#205de0</value>
                        </entry>
                    </style>
                    <type>org.apache.nifi.processors.attributes.UpdateAttribute</type>
                </processors>
            </contents>
            <name>Prognum -&gt; S3</name>
            <variables/>
        </processGroups>
    </snippet>
    <timestamp>09/27/2019 11:38:56 UTC</timestamp>
</template>
